Ship,Ship Price,Ship Image,Link to Ship
Hornet F7C– Package, $125.00,=IMAGE('https://robertsspaceindustries.com/media/3e0oc9s85451kr/source/F7c_hornet_front-Right_visual.jpg'),https://robertsspaceindustries.com/pledge/ships/anvil-hornet/F7C-Hornet
RSI Constellation Aquila– Standalone Ship, $310.00,=IMAGE('https://robertsspaceindustries.com/media/0xual3h0seftnr/source/Aquila_Front-Left.jpg'),https://robertsspaceindustries.com/pledge/ships/rsi-constellation/Constellation-Aquila
Mustang Alpha Starter Pack– Package, $45.00,=IMAGE('https://robertsspaceindustries.com/media/xxf6ibqkn5v4lr/source/Alpha-Cockpit.jpg'),https://robertsspaceindustries.com/pledge/ships/mustang/Mustang-Alpha
Avenger Stalker– Package, $75.00,=IMAGE('https://robertsspaceindustries.com/media/w9uhig7tnoi03r/source/Stalker_04-Squashed.jpg'),https://robertsspaceindustries.com/pledge/ships/aegis-avenger/Avenger-Stalker
Aurora ES– Standalone Ship, $20.00,=IMAGE('https://robertsspaceindustries.com/media/hw7vwxhbrqw2cr/source/Rsi_aurora_es_front-Right_visual.jpg'),https://robertsspaceindustries.com/pledge/ships/rsi-aurora/Aurora-ES
Aegis Gladius– Standalone Ship, $90.00,=IMAGE('https://robertsspaceindustries.com/media/hi0req44y3fptr/source/Gladius_Rear_Right_Final.jpg'),https://robertsspaceindustries.com/pledge/ships/gladius/Gladius
Mustang Beta– Standalone Ship, $40.00,=IMAGE('https://robertsspaceindustries.com/media/6ozhlxormcq2dr/source/Beta-Back.jpg'),https://robertsspaceindustries.com/pledge/ships/mustang/Mustang-Beta
Mustang Gamma– Standalone Ship, $55.00,=IMAGE('https://robertsspaceindustries.com/media/numok83kilmm1r/source/Gamma-Back.jpg'),https://robertsspaceindustries.com/pledge/ships/mustang/Mustang-Gamma
RSI Mantis– Standalone Ship, $150.00,=IMAGE('https://robertsspaceindustries.com/media/numok83kilmm1r/source/Gamma-Back.jpg'),https://robertsspaceindustries.com/pledge/ships/rsi-mantis/Mantis
Ballista– Standalone Ship, $140.00,=IMAGE('https://media.robertsspaceindustries.com/bt2x5wf5czxqq/source.jpg'),https://robertsspaceindustries.com/pledge/ships/anvil-ballista/Anvil-Ballista
Origin Jumpworks 300i– Standalone Ship, $55.00,=IMAGE('https://media.robertsspaceindustries.com/b0oalpbqi0aqx/source.jpg'),https://robertsspaceindustries.com/pledge/ships/origin-300/300i
Anvil Arrow Starter Pack– Package, $90.00,=IMAGE('https://media.robertsspaceindustries.com/mkm2r79wso7c6/source.jpg'),https://robertsspaceindustries.com/pledge/ships/anvil-arrow/Arrow
RSI Ursa Rover– Standalone Ship, $50.00,=IMAGE('https://robertsspaceindustries.com/media/fneldnjirsjd0r/source/4.jpg'),https://robertsspaceindustries.com/pledge/ships/ursa/Ursa-Rover
Constellation Andromeda– Package, $275.00,=IMAGE('https://robertsspaceindustries.com/media/l96rmbqgxpzw6r/source/Andromeda_New_Source.jpg'),https://robertsspaceindustries.com/pledge/ships/rsi-constellation/Constellation-Andromeda
Aurora MR Starter Pack– Package, $45.00,=IMAGE('https://robertsspaceindustries.com/media/l2md5g8c5lt8tr/source/Rsi_aurora_mr_front-Right_visual.jpg'),https://robertsspaceindustries.com/pledge/ships/rsi-aurora/Aurora-MR
Aurora CL– Standalone Ship, $45.00,=IMAGE('https://robertsspaceindustries.com/media/9njhnzeztm9i4r/source/Rsi_aurora_cl_front-Right_visual.jpg'),https://robertsspaceindustries.com/pledge/ships/rsi-aurora/Aurora-CL
RSI Aurora LN– Standalone Ship, $35.00,=IMAGE('https://robertsspaceindustries.com/media/jfteouwsx5jp0r/source/Rsi_aurora_ln_front-Right_visual.jpg'),https://robertsspaceindustries.com/pledge/ships/rsi-aurora/Aurora-LN
Origin 315p Explorer– Standalone Ship, $65.00,=IMAGE('https://media.robertsspaceindustries.com/0cynpdszwtzcx/source.jpg'),https://robertsspaceindustries.com/pledge/ships/origin-300/315p
Origin 325a Fighter– Standalone Ship, $70.00,=IMAGE('https://media.robertsspaceindustries.com/dib0zsyhudgfe/source.jpg'),https://robertsspaceindustries.com/pledge/ships/origin-300/325a
F7C-S Hornet Ghost– Standalone Ship, $125.00,=IMAGE('https://robertsspaceindustries.com/media/npwm5nugocelkr/source/F7cs_hornet_ghost_front-Right_visual.jpg'),https://robertsspaceindustries.com/pledge/ships/anvil-hornet/F7C-S-Hornet-Ghost
F7C-R Hornet Tracker– Standalone Ship, $140.00,=IMAGE('https://robertsspaceindustries.com/media/ucz09a1bjsnfgr/source/F7c-R_hornet-Tracker_front-Right_visual.jpg'),https://robertsspaceindustries.com/pledge/ships/anvil-hornet/F7C-R-Hornet-Tracker
Freelancer– Package, $125.00,=IMAGE('https://robertsspaceindustries.com/media/p3ozcl8rhja5kr/source/Freelancer_front-Right_visual.jpg'),https://robertsspaceindustries.com/pledge/ships/misc-freelancer/Freelancer
MISC Freelancer DUR– Standalone Ship, $135.00,=IMAGE('https://robertsspaceindustries.com/media/lgxavz0on9rytr/source/Freelancer_dur_front-Right_visual.jpg'),https://robertsspaceindustries.com/pledge/ships/misc-freelancer/Freelancer-DUR
MISC Freelancer MAX– Standalone Ship, $150.00,=IMAGE('https://robertsspaceindustries.com/media/y81v1jjcmnos7r/source/Freelancer_max_front-Right_visual.jpg'),https://robertsspaceindustries.com/pledge/ships/misc-freelancer/Freelancer-MAX
Constellation Taurus– Standalone Ship, $150.00,=IMAGE('https://robertsspaceindustries.com/media/446v92ef0mp27r/source/Taurus_Front-Right.jpg'),https://robertsspaceindustries.com/pledge/ships/rsi-constellation/Constellation-Taurus
Cutlass Black– Package, $115.00,=IMAGE('https://robertsspaceindustries.com/media/4ivq8iyglt2brr/source/Drake_cutlass_back-Left_visual.jpg'),https://robertsspaceindustries.com/pledge/ships/drake-cutlass/Cutlass-Black
Cutlass Red– Standalone Ship, $120.00,=IMAGE('https://robertsspaceindustries.com/media/i5zjlar89peibr/source/Red-WR-Side_000000.jpg'),https://robertsspaceindustries.com/pledge/ships/drake-cutlass/Cutlass-Red
Reliant Kore SC Starter– Package, $85.00,=IMAGE('https://robertsspaceindustries.com/media/jo5wms790repnr/source/Reliant-Blueprint-1.jpg'),https://robertsspaceindustries.com/pledge/ships/reliant/Reliant-Kore
Aegis Avenger Titan– Standalone Ship, $50.00,=IMAGE('https://robertsspaceindustries.com/media/r5ei38j23dodzr/source/Titan_10-Squashed.jpg'),https://robertsspaceindustries.com/pledge/ships/aegis-avenger/Avenger-Titan
MISC Prospector– Standalone Ship, $155.00,=IMAGE('https://robertsspaceindustries.com/media/lenc42bpkfzr2r/source/MISC-Mining-Vehicle-PIECE-1-V15.jpg'),https://robertsspaceindustries.com/pledge/ships/misc-prospector/Prospector
Drake Loot and Scoot Package– Package, $150.00,=IMAGE('https://robertsspaceindustries.com/media/7w5a5xqffx84ir/source/Dragonfly_Top_Angle_01_Grey.jpg'),https://robertsspaceindustries.com/pledge/ships/drake-dragonfly/Dragonfly-Black
Tumbril Cyclone– Standalone Ship, $55.00,=IMAGE('https://robertsspaceindustries.com/media/n6535dpiwv2pgr/source/Tumbril-Buggy-Piece-06-Lagoon-V011.jpg'),https://robertsspaceindustries.com/pledge/ships/cyclone/Cyclone
Anvil C8X Pisces Expedition - Starter Pack– Package, $60.00,=IMAGE('https://media.robertsspaceindustries.com/5o1yl9ruwtohy/source.jpg'),https://robertsspaceindustries.com/pledge/ships/anvil-pisces/C8X-Pisces-Expedition
